x,p,U_0,U_1,U_2
-5,99621.7,276.562,0.0148026,36.5394
-4.77966,99544.2,276.62,0.0328021,36.3453
-4.55932,99649.7,276.73,0.00262913,36.2338
-4.33898,99497.5,276.747,0.0402308,35.9923
-4.11864,99605.9,276.843,0.0103689,35.8687
-3.89831,99529.6,276.874,0.0287111,35.6555
-3.67797,99542,276.931,0.024297,35.48
-3.45763,99573.4,276.986,0.015381,35.3095
-3.23729,99480.3,276.988,0.0392997,35.0771
-3.01695,99626.3,277.072,0.00159848,34.9525
-2.79661,99471.4,277.013,0.0433343,34.6845
-2.57627,99597,277.056,0.0128482,34.5443
-2.35593,99557.2,276.988,0.0284706,34.3188
-2.13559,99590.6,276.927,0.0268737,34.123
-1.91525,99676.7,276.837,0.0134144,33.9539
-1.69492,99621.6,276.6,0.0387199,33.7255
-1.47458,99803,276.462,-0.000302082,33.611
-1.25424,100004,275.715,0.000433482,33.5324
-1.0339,100168,275.109,0.000215808,33.5229
-0.813559,100577,273.625,-9.7095e-05,33.5426
-0.59322,101766,269.659,-0.000588743,33.8087
-0.372881,104507,260.378,-0.00357586,34.5838
-0.152542,114254,223.155,-0.0482784,39.6374
0.949153,100019,224.332,0.101483,4.80601
1.16949,103419,253.434,-3.99855e-06,8.26707
1.38983,100925,264.502,0.0582966,10.4205
1.61017,100100,268.973,0.0684612,12.1307
1.83051,99853.5,270.236,0.0786774,13.7791
2.05085,99790.5,270.731,0.088742,15.099
2.27119,99784.8,270.984,0.0970812,16.1708
2.49153,99791.1,271.157,0.103339,17.0731
2.71186,99799.2,271.3,0.108122,17.8401
2.9322,99799.6,271.468,0.112332,18.4731
3.15254,99793.7,271.652,0.117256,19.0062
3.37288,99782.2,271.868,0.1222,19.4322
3.59322,99758,272.118,0.119876,19.7794
3.81356,99731.7,272.34,0.111497,20.0563
4.0339,99706.3,272.652,0.0951025,20.3391
4.25424,99676.1,273.185,0.0576694,20.6549
4.47458,99639.8,273.782,-0.0202442,20.8269
4.69492,99738.2,273.777,0.0746078,20.8054
4.91525,99633.5,274.121,0.0218122,20.8166
5.13559,99662.7,274.29,0.0263345,20.8057
5.35593,99639.3,274.44,0.0388474,20.7664
5.57627,99588,274.598,0.0298449,20.7171
5.79661,99662.5,274.647,0.031247,20.6653
6.01695,99528.4,274.805,0.0412685,20.5554
6.23729,99657.4,274.804,0.0260183,20.5032
6.45763,99567.2,274.916,0.0377809,20.378
6.67797,99609.4,274.969,0.0301001,20.2971
6.89831,99612.2,275.023,0.0293168,20.191
7.11864,99559.7,275.094,0.0362491,20.0586
7.33898,99658.6,275.113,0.0194604,19.9848
7.55932,99519.3,275.207,0.041891,19.8119
7.77966,99649.3,275.237,0.0191331,19.7533
8,99566.3,275.29,0.0327587,19.5946
